"","AllTweets","Brand","UniqueTweets","Sentiment","Reach","maxReach"
"Snickers",2868,"Snickers",2405,0.523361227336123,654,148
"Carnival",412,"Carnival",405,0.247572815533981,112,24
"Skittles",412,"Skittles",354,-0.135922330097087,71,26
"Bud",293,"Bud",211,0.361774744027304,86763,75442
"BMW",193,"BMW",77,0.321243523316062,899,452
"Pepsi",185,"Pepsi",46,0.983783783783784,3522,2367
"Carl",137,"Carl",15,0.0510948905109489,543,389
"Doritos",133,"Doritos",52,0.601503759398496,2276,1639
